ward_code,ward_name,pt_accessibility_2013,Homes _os_access_2013
E09000001,City of London,29.20242418,-9.529811528
E05000026,Abbey,15.81806293,-1.308451267
E05000027,Alibon,-4.501940254,-2.634394396
E05000028,Becontree,-6.460878767,-8.045513222
E05000029,Chadwell Heath,-10.82617747,2.909091393
E05000030,Eastbrook,-10.50595898,8.366009213
E05000031,Eastbury,-7.462612775,-12.11682938
E05000032,Gascoigne,-3.880275993,-14.72779336
E05000033,Goresbrook,-9.437743336,7.100812633
E05000034,Heath,-8.031058679,0.648067705
E05000035,Longbridge,-5.109224656,-3.22114277
E05000036,Mayesbrook,-9.146880604,3.567957715
E05000037,Parsloes,-7.721188953,-2.517819304
E05000038,River,-5.475005882,4.299257843
E05000039,Thames,-11.7339653,-9.307647073
E05000040,Valence,-3.959111382,-3.504067108
E05000041,Village,-7.78425794,11.57636659
E05000042,Whalebone,-6.231765261,-22.3176892
E05000043,Brunswick Park,-6.349523499,1.189154496
E05000044,Burnt Oak,-1.35449734,-10.89898507
E05000045,Childs Hill,5.440673415,-1.489716472
E05000046,Colindale,-9.147232326,-9.346866117
E05000047,Coppetts,-6.231488747,-2.993762722
E05000048,East Barnet,-7.17545726,6.2757222
E05000049,East Finchley,-8.22026406,-5.074685054
E05000050,Edgware,-5.479185225,-5.549580218
E05000051,Finchley Church End,-6.264269079,-19.61928775
E05000052,Garden Suburb,-7.550194903,2.077718271
E05000053,Golders Green,-2.662564683,-13.13757758
E05000054,Hale,-8.544142514,-7.566651981
E05000055,Hendon,-7.83873206,-10.7854587
E05000056,High Barnet,-7.872519298,5.527562731
E05000057,Mill Hill,-10.66880292,5.418041884
E05000058,Oakleigh,-3.689289761,-11.45248637
E05000059,Totteridge,-8.792029496,11.76910949
E05000060,Underhill,-8.352804247,6.653926119
E05000061,West Finchley,-0.992368754,-23.62875303
E05000062,West Hendon,-1.622122462,-0.261030218
E05000063,Woodhouse,-6.417304526,-16.94321023
E05000064,Barnehurst,-4.573218682,-2.562518592
E05000065,Belvedere,-7.31272108,6.646664097
E05000066,Blackfen and Lamorbey,-12.32203237,-7.363355919
E05000067,Blendon and Penhill,-12.22090998,1.582999399
E05000068,Brampton,-7.937192192,-12.52847549
E05000069,Christchurch,-2.52696903,-4.243435175
E05000070,Colyers,-12.34395731,-17.58657988
E05000071,Crayford,-12.30788836,-4.283242868
E05000072,Cray Meadows,-10.43526741,15.58366469
E05000073,Danson Park,-5.992834726,8.679929569
E05000074,East Wickham,-9.443357008,-3.461548444
E05000075,Erith,-8.743144403,10.19129324
E05000076,Falconwood and Welling,-9.93962654,-13.88471148
E05000077,Lesnes Abbey,-7.120292268,7.115022437
E05000078,Longlands,-8.029341374,4.1129559
E05000079,North End,-8.459898512,21.83813496
E05000080,Northumberland Heath,-11.66776893,-8.677305115
E05000081,St Mary's,-8.187138637,8.906557202
E05000082,St Michael's,-11.49056829,-12.628019
E05000083,Sidcup,-4.007574168,5.618373882
E05000084,Thamesmead East,-8.592382357,14.57115304
E05000085,Alperton,-5.783819871,-11.6745839
E05000086,Barnhill,-5.46696122,10.03356466
E05000087,Brondesbury Park,-0.071032973,-21.56227861
E05000088,Dollis Hill,-6.534366637,0.105722843
E05000089,Dudden Hill,-2.396971092,-5.933798819
E05000090,Fryent,-6.649055921,13.06351463
E05000091,Harlesden,0.451615865,-20.66731946
E05000092,Kensal Green,2.387388136,-5.407148233
E05000093,Kenton,-7.403845191,-3.285135239
E05000094,Kilburn,12.33781974,-19.78115062
E05000095,Mapesbury,4.93904744,-14.95450438
E05000096,Northwick Park,-7.775307451,-1.638738715
E05000097,Preston,-2.635302991,0.421105652
E05000098,Queens Park,9.021943701,-7.438125536
E05000099,Queensbury,-5.57741093,-1.130773836
E05000100,Stonebridge,-4.207283019,-17.82200432
E05000101,Sudbury,-3.402658054,6.486910287
E05000102,Tokyngton,-2.223327173,-9.216045116
E05000103,Welsh Harp,-7.312031457,12.60113694
E05000104,Wembley Central,8.262716884,-9.758234183
E05000105,Willesden Green,6.071492849,-0.30652964
E05000106,Bickley,-10.00847179,-12.3996999
E05000107,Biggin Hill,-14.02333654,-2.098652554
E05000108,Bromley Common and Keston,-10.37434928,17.5213649
E05000109,Bromley Town,0.252033915,-1.810180455
E05000110,Chelsfield and Pratts Bottom,-12.26571291,14.8307133
E05000111,Chislehurst,-11.72927855,10.04423763
E05000112,Clock House,1.274769783,-4.264083195
E05000113,Copers Cope,-3.601241547,-7.294336707
E05000114,Cray Valley East,-11.77970022,16.98019448
E05000115,Cray Valley West,-10.60982687,-1.143282291
E05000116,Crystal Palace,5.62039651,17.04758716
E05000117,Darwin,-17.51637639,10.56739416
E05000118,Farnborough and Crofton,-9.121412324,5.383995536
E05000119,Hayes and Coney Hall,-10.18955518,20.22715303
E05000120,Kelsey and Eden Park,-7.612716039,6.804446977
E05000121,Mottingham and Chislehurst North,-9.010511664,8.056882805
E05000122,Orpington,-6.611932601,-8.061468962
E05000123,Penge and Cator,2.7198028,5.959697926
E05000124,Petts Wood and Knoll,-6.9377355,-0.645610521
E05000125,Plaistow and Sundridge,-5.952964823,0.507830091
E05000126,Shortlands,-7.518126932,-9.234303409
E05000127,West Wickham,-11.54180967,-2.729877761
E05000128,Belsize,2.85146088,-7.704918222
E05000129,Bloomsbury,30.05116396,1.309662639
E05000130,Camden Town with Primrose Hill,11.95033983,3.052535278
E05000131,Cantelowes,7.767590579,-2.980931258
E05000132,Fortune Green,6.986528668,1.743243495
E05000133,Frognal and Fitzjohns,7.643322554,-10.23160076
E05000134,Gospel Oak,2.342502363,-2.831921908
E05000135,Hampstead Town,1.738421472,13.0415597
E05000136,Haverstock,6.956262478,-10.94985899
E05000137,Highgate,1.098425383,23.27504342
E05000138,Holborn and Covent Garden,29.53985718,-13.87949516
E05000139,Kentish Town,13.42085766,-1.283761157
E05000140,Kilburn,12.63871953,-7.889826358
E05000141,King's Cross,28.6058427,-3.303614281
E05000142,Regent's Park,21.67286246,9.859170801
E05000143,St Pancras and Somers Town,23.52571002,1.88638131
E05000144,Swiss Cottage,17.08340004,-0.955817262
E05000145,West Hampstead,16.20967594,1.180210542
E05000146,Addiscombe,6.065875566,-29.91934901
E05000147,Ashburton,-6.369060402,7.571465182
E05000148,Bensham Manor,-3.602713643,-15.17316567
E05000149,Broad Green,6.604551679,-16.44369025
E05000150,Coulsdon East,-13.6150665,15.74145767
E05000151,Coulsdon West,-8.955971145,-7.454601826
E05000152,Croham,-3.359030364,-3.164290874
E05000153,Fairfield,13.56527311,-15.4120248
E05000154,Fieldway,-6.140360089,-15.90008967
E05000155,Heathfield,-10.85119144,12.56050608
E05000156,Kenley,-13.33633371,0.870492352
E05000157,New Addington,-7.74494858,8.142049161
E05000158,Norbury,-4.875560413,-0.85846915
E05000159,Purley,-6.580313855,-12.55460856
E05000160,Sanderstead,-15.07449601,4.779429618
E05000161,Selhurst,3.367688014,-18.30091136
E05000162,Selsdon and Ballards,-12.83995177,10.84962558
E05000163,Shirley,-12.9355926,-11.83264384
E05000164,South Norwood,0.697154538,-4.647536346
E05000165,Thornton Heath,-3.610071587,-16.86567213
E05000166,Upper Norwood,-5.894430692,0.967385178
E05000167,Waddon,-1.030025911,9.200758112
E05000168,West Thornton,-4.606326434,-7.321322524
E05000169,Woodside,-0.540084736,0.260326128
E05000170,Acton Central,-4.578550644,8.210272668
E05000171,Cleveland,-5.307058665,6.221368624
E05000172,Dormers Wells,-3.143242438,12.2633051
E05000173,Ealing Broadway,9.006667963,-11.26529401
E05000174,Ealing Common,-1.378939862,8.82351341
E05000175,East Acton,1.434577041,3.89736165
E05000176,Elthorne,0.318747355,2.564445257
E05000177,Greenford Broadway,-2.72755578,4.292792477
E05000178,Greenford Green,-8.26987593,6.690327773
E05000179,Hanger Hill,-0.752544028,-8.592100888
E05000180,Hobbayne,-4.763495822,9.020085398
E05000181,Lady Margaret,-5.311979391,8.251965886
E05000182,Northfield,-2.900324722,6.520631643
E05000183,North Greenford,-8.467911706,15.28219416
E05000184,Northolt Mandeville,-4.186763156,16.7064671
E05000185,Northolt West End,-8.798553658,12.25542085
E05000186,Norwood Green,-10.36361398,18.41093666
E05000187,Perivale,-10.49234675,7.951624618
E05000188,South Acton,5.723090366,4.99078437
E05000189,Southall Broadway,-3.766816789,-3.642686361
E05000190,Southall Green,-5.273066438,0.879787721
E05000191,Southfield,-4.961258321,7.252986042
E05000192,Walpole,0.321104041,-3.280959831
E05000193,Bowes,0.788763991,-16.10650133
E05000194,Bush Hill Park,-7.417976907,0.811537239
E05000195,Chase,-13.01711396,22.67679052
E05000196,Cockfosters,-8.310290887,16.76207288
E05000197,Edmonton Green,1.168901025,4.561272756
E05000198,Enfield Highway,-8.923668797,1.828804274
E05000199,Enfield Lock,-8.534295622,6.269373075
E05000200,Grange,-4.747924167,-7.747269648
E05000201,Haselbury,-5.329585662,0.285125377
E05000202,Highlands,-7.637203199,1.038338506
E05000203,Jubilee,-9.30732707,14.4743856
E05000204,Lower Edmonton,-3.911928092,3.782768875
E05000205,Palmers Green,-8.860780963,-6.540667826
E05000206,Ponders End,-3.214648837,10.11248271
E05000207,Southbury,-5.068183599,6.471357807
E05000208,Southgate,-4.529574726,-5.0551331
E05000209,Southgate Green,0.814891571,-5.02045033
E05000210,Town,-8.700057179,-8.066987862
E05000211,Turkey Street,-9.18820612,0.26056622
E05000212,Upper Edmonton,-2.660921526,-1.811328756
E05000213,Winchmore Hill,-5.948028516,-8.454739778
E05000214,Abbey Wood,-5.071887866,11.60075753
E05000215,Blackheath Westcombe,-2.502755587,-3.917085519
E05000216,Charlton,1.811107464,1.550743051
E05000217,Coldharbour and New Eltham,-6.488387915,-5.784195077
E05000218,Eltham North,-6.366381856,-1.310394534
E05000219,Eltham South,-3.114557026,7.66456783
E05000220,Eltham West,-5.126941316,-4.608860787
E05000221,Glyndon,1.568868388,1.522428658
E05000222,Greenwich West,5.872498324,14.02944319
E05000223,Kidbrooke with Hornfair,-8.729230103,-2.312328374
E05000224,Middle Park and Sutcliffe,-10.76286426,-0.47605464
E05000225,Peninsula,5.376151994,5.187054895
E05000226,Plumstead,-1.514822136,1.981077998
E05000227,Shooters Hill,-9.575867387,10.84500212
E05000228,Thamesmead Moorings,-8.095973424,3.111782386
E05000229,Woolwich Common,1.597463222,4.249904395
E05000230,Woolwich Riverside,5.147064397,-11.43037741
E05000231,Brownswood,16.84082661,-3.23209597
E05000232,Cazenove,6.960676664,-9.742943191
E05000233,Chatham,14.14311893,-1.821949012
E05000234,Clissold,-1.013081376,-2.130629708
E05000235,Dalston,15.61203743,-2.823277493
E05000236,De Beauvoir,7.897831672,-0.408419991
E05000237,Hackney Central,21.15990992,-9.085438107
E05000238,Hackney Downs,12.28487739,-0.750356387
E05000239,Haggerston,13.80386755,-3.968788094
E05000240,Hoxton,14.66528542,-1.333557574
E05000241,King's Park,-6.592604557,24.86748403
E05000242,Leabridge,3.769048465,-5.507261103
E05000243,Lordship,-0.773239955,-1.074434372
E05000244,New River,9.068798847,-1.838531675
E05000245,Queensbridge,7.148289807,-3.205450519
E05000246,Springfield,-3.846864215,-3.534290716
E05000247,Stoke Newington Central,10.57892685,-2.905276785
E05000248,Victoria,6.542609391,0.073973246
E05000249,Wick,1.226260283,17.18862254
E05000250,Addison,19.64609267,-14.6351198
E05000251,Askew,-1.292198143,-8.291163943
E05000252,Avonmore and Brook Green,16.17293916,-14.25521173
E05000253,College Park and Old Oak,7.965315419,9.341350247
E05000254,Fulham Broadway,11.42959621,-6.555927707
E05000255,Fulham Reach,2.865886938,1.955202979
E05000256,Hammersmith Broadway,15.66165842,-11.30511203
E05000257,Munster,-0.528366746,-8.711865409
E05000258,North End,10.44059717,-2.108464812
E05000259,Palace Riverside,-0.349805853,19.81122977
E05000260,Parsons Green and Walham,6.39964663,5.974698782
E05000261,Ravenscourt Park,1.912073338,-6.176629928
E05000262,Sands End,-2.673782313,2.396838213
E05000263,Shepherd's Bush Green,12.82950373,4.191776727
E05000264,Town,6.097300087,-11.3459396
E05000265,Wormholt and White City,-3.83930678,2.846145554
E05000266,Alexandra,-3.68221976,12.26779558
E05000267,Bounds Green,8.088572033,5.459746404
E05000268,Bruce Grove,5.131855503,-6.226819221
E05000269,Crouch End,-2.808730193,-3.387376641
E05000270,Fortis Green,-4.655927397,7.103737189
E05000271,Harringay,11.20861419,10.60463349
E05000272,Highgate,1.280981095,7.479972074
E05000273,Hornsey,-3.017997775,-5.047785575
E05000274,Muswell Hill,-3.796599972,5.837665815
E05000275,Noel Park,16.35551058,-4.970416382
E05000276,Northumberland Park,2.628528595,-0.655872596
E05000277,St Ann's,1.090309816,3.678406849
E05000278,Seven Sisters,6.427616277,5.227788119
E05000279,Stroud Green,5.809626404,-0.220353851
E05000280,Tottenham Green,14.75272279,-2.527130752
E05000281,Tottenham Hale,6.288889003,4.262036132
E05000282,West Green,2.037020369,13.74416585
E05000283,White Hart Lane,-3.366299166,2.897179305
E05000284,Woodside,6.414416989,9.392589082
E05000285,Belmont,-12.95069734,-22.38648578
E05000286,Canons,-7.924141177,7.483413167
E05000287,Edgware,-6.322273839,-13.54286051
E05000288,Greenhill,5.638818809,-13.28874559
E05000289,Harrow on the Hill,-4.492423981,-7.774719125
E05000290,Harrow Weald,-7.126081265,-5.447289499
E05000291,Hatch End,-10.81107951,-20.82948502
E05000292,Headstone North,-7.625276607,-0.78899263
E05000293,Headstone South,-4.730900991,-9.160716491
E05000294,Kenton East,-8.827080718,-12.14693401
E05000295,Kenton West,-6.074416779,-16.88195832
E05000296,Marlborough,0.498739223,-15.62612059
E05000297,Pinner,-13.828939,-18.71431459
E05000298,Pinner South,-11.49417273,-7.816465168
E05000299,Queensbury,-8.14880579,-14.57812006
E05000300,Rayners Lane,-4.228528725,-14.9721907
E05000301,Roxbourne,-5.320706877,-14.89761727
E05000302,Roxeth,-5.492782979,-8.489174099
E05000303,Stanmore Park,-12.1346052,-9.632063528
E05000304,Wealdstone,-3.401497238,-32.73819615
E05000305,West Harrow,-4.433612826,-10.67413745
E05000306,Brooklands,-6.268936629,-6.647226755
E05000307,Cranham,-10.60328327,7.646466683
E05000308,Elm Park,-8.286574777,9.636916609
E05000309,Emerson Park,-13.00730819,-17.03778476
E05000310,Gooshays,-8.455170892,19.01273492
E05000311,Hacton,-10.03581351,-7.445336656
E05000312,Harold Wood,-9.731786787,2.675970699
E05000313,Havering Park,-12.05285863,18.32841736
E05000314,Heaton,-11.89828863,-0.103184579
E05000315,Hylands,-12.03865387,-10.74946153
E05000316,Mawneys,-9.317735538,-4.275862104
E05000317,Pettits,-11.1710129,2.174453765
E05000318,Rainham and Wennington,-12.61130762,5.888579061
E05000319,Romford Town,3.129564434,-20.93008143
E05000320,St Andrew's,-4.150315179,-14.66550608
E05000321,South Hornchurch,-9.231185415,12.16248723
E05000322,Squirrel's Heath,-8.436301,-24.7488092
E05000323,Upminster,-13.15437228,3.742354655
E05000324,Barnhill,-9.586940773,2.898293136
E05000325,Botwell,-5.179431606,1.962121371
E05000326,Brunel,-9.596063881,-2.352882202
E05000327,Cavendish,-11.99493149,-8.835081215
E05000328,Charville,-9.831032546,9.408335195
E05000329,Eastcote and East Ruislip,-14.91235094,7.873201319
E05000330,Harefield,-16.72006024,10.40859877
E05000331,Heathrow Villages,-8.422376418,-4.951622467
E05000332,Hillingdon East,-14.94178189,8.827872955
E05000333,Ickenham,-12.16338066,9.577091257
E05000334,Manor,-6.371098748,-8.296101433
E05000335,Northwood,-10.99102964,10.37233865
E05000336,Northwood Hills,-12.4109362,5.496664306
E05000337,Pinkwell,-7.679462567,-4.334126038
E05000338,South Ruislip,-8.818233159,15.00055186
E05000339,Townfield,-5.163928744,3.055879713
E05000340,Uxbridge North,-10.1767975,1.238802419
E05000341,Uxbridge South,-9.120239482,-8.816102848
E05000342,West Drayton,-9.735487212,-13.78328325
E05000343,West Ruislip,-11.54933094,5.36519483
E05000344,Yeading,-13.30484415,3.075061886
E05000345,Yiewsley,-8.762930414,-4.25680074
E05000346,Bedfont,-11.73892961,8.519996548
E05000347,Brentford,-3.953362134,8.884627959
E05000348,Chiswick Homefields,-1.139682835,15.29891992
E05000349,Chiswick Riverside,-6.70324732,5.472871056
E05000350,Cranford,-9.701927699,-3.082773762
E05000351,Feltham North,-6.115625967,7.650124124
E05000352,Feltham West,-9.703957817,3.714708953
E05000353,Hanworth,-8.37699901,10.9939502
E05000354,Hanworth Park,-8.546378472,9.882271824
E05000355,Heston Central,-6.32623433,0.593610053
E05000356,Heston East,-10.377578,9.025281678
E05000357,Heston West,-10.28223482,5.894367825
E05000358,Hounslow Central,9.551067794,2.222582312
E05000359,Hounslow Heath,-4.021464323,5.293921611
E05000360,Hounslow South,-9.077024699,-7.125227005
E05000361,Hounslow West,0.786639508,-7.058996655
E05000362,Isleworth,-9.875629237,2.087997094
E05000363,Osterley and Spring Grove,-7.277447572,13.01384174
E05000364,Syon,-0.967145157,9.684308031
E05000365,Turnham Green,4.474559813,-2.313808834
E05000366,Barnsbury,13.64365555,-11.26782558
E05000367,Bunhill,23.67552331,-18.77736066
E05000368,Caledonian,10.78259451,-14.27177797
E05000369,Canonbury,19.31459234,2.455715318
E05000370,Clerkenwell,22.32169294,-20.13516759
E05000371,Finsbury Park,20.01295627,-2.107806366
E05000372,Highbury East,6.33242678,2.638037476
E05000373,Highbury West,13.6365182,0.973369315
E05000374,Hillrise,3.091946523,4.99732028
E05000375,Holloway,15.46656805,1.449153171
E05000376,Junction,15.69362423,5.257128109
E05000377,Mildmay,16.41771028,-9.847989395
E05000378,St George's,5.503245309,0.42127321
E05000379,St Mary's,21.23766069,4.458024525
E05000380,St Peter's,11.08485616,-5.107576102
E05000381,Tollington,5.344489954,5.998822263
E05000382,Abingdon,19.49008535,4.125146945
E05000383,Brompton,21.58074005,5.589047261
E05000384,Campden,21.80565078,11.69314397
E05000385,Colville,11.44012934,8.979016838
E05000386,Courtfield,22.16011972,7.257608632
E05000387,Cremorne,6.929151475,12.23546061
E05000388,Earl's Court,23.04025035,-2.266969283
E05000389,Golborne,4.954515363,18.48632129
E05000390,Hans Town,19.97764136,6.637112401
E05000391,Holland,15.65686433,13.25451256
E05000392,Norland,11.67026813,10.73034521
E05000393,Notting Barns,2.771046156,8.37389177
E05000394,Pembridge,22.84811468,-0.067227035
E05000395,Queen's Gate,16.18897944,6.369773387
E05000396,Redcliffe,17.10658663,13.04903823
E05000397,Royal Hospital,8.872110271,21.93818822
E05000398,St Charles,-0.016440636,13.56864315
E05000399,Stanley,13.16404393,2.211652721
E05000400,Alexandra,-10.93715025,-8.507669817
E05000401,Berrylands,-7.151137062,-4.38663401
E05000402,Beverley,-6.704915981,2.703003359
E05000403,Canbury,2.002071761,-7.301213536
E05000404,Chessington North and Hook,-9.845832381,-2.746156888
E05000405,Chessington South,-10.12575413,23.09641705
E05000406,Coombe Hill,-9.174002727,5.687080381
E05000407,Coombe Vale,-10.32315154,-7.486016589
E05000408,Grove,3.116430457,0.210595412
E05000409,Norbiton,-1.213211406,5.086416635
E05000410,Old Malden,-7.467227519,-0.75958137
E05000411,St James,-8.078426434,-2.559946901
E05000412,St Mark's,-0.559650991,-1.133943462
E05000413,Surbiton Hill,-3.543660093,-15.26342548
E05000414,Tolworth and Hook Rise,-10.85148629,-15.67697385
E05000415,Tudor,-10.6445875,3.056928354
E05000416,Bishop's,27.21621447,-4.152473104
E05000417,Brixton Hill,7.95524176,2.451848495
E05000418,Clapham Common,2.30384927,-3.47003552
E05000419,Clapham Town,9.212518845,-3.082724029
E05000420,Coldharbour,11.90700764,-9.538931274
E05000421,Ferndale,17.85693586,-4.008468813
E05000422,Gipsy Hill,-0.515640687,6.634975728
E05000423,Herne Hill,5.374091541,-3.952037101
E05000424,Knight's Hill,2.089973481,-5.218674771
E05000425,Larkhall,10.09968208,3.489742079
E05000426,Oval,22.11103853,-1.370042253
E05000427,Prince's,18.05934659,-13.62102437
E05000428,St Leonard's,15.11219076,-1.496368173
E05000429,Stockwell,11.29620273,4.128779243
E05000430,Streatham Hill,10.58241192,-4.702018959
E05000431,Streatham South,1.977422032,3.010439978
E05000432,Streatham Wells,4.800519264,-5.717025847
E05000433,Thornton,-1.649961373,-5.006529855
E05000434,Thurlow Park,8.941323437,-8.868331955
E05000435,Tulse Hill,4.197520717,-0.25433751
E05000436,Vassall,4.479951559,-6.342917307
E05000437,Bellingham,-5.297776572,8.515500015
E05000438,Blackheath,8.050299177,3.127589971
E05000439,Brockley,14.80842818,-9.213494534
E05000440,Catford South,-3.619362829,-19.88292738
E05000441,Crofton Park,2.076729018,-11.30433049
E05000442,Downham,-3.559425945,8.808359057
E05000443,Evelyn,-4.575669865,-7.574273363
E05000444,Forest Hill,1.514306425,-5.761061082
E05000445,Grove Park,-4.178300356,-9.200708345
E05000446,Ladywell,5.122180241,0.436444606
E05000447,Lee Green,-1.048973567,-5.259936728
E05000448,Lewisham Central,9.924750359,-0.769825405
E05000449,New Cross,4.751490963,-10.79575679
E05000450,Perry Vale,-2.523109867,-21.36825697
E05000451,Rushey Green,9.830096793,3.340081815
E05000452,Sydenham,2.367347331,-0.251262176
E05000453,Telegraph Hill,10.2568598,-17.23602053
E05000454,Whitefoot,-6.968931468,1.903312233
E05000455,Abbey,9.678513139,-1.195186572
E05000456,Cannon Hill,-8.654687816,9.872436964
E05000457,Colliers Wood,1.145431371,1.782223017
E05000458,Cricket Green,-6.151655783,12.65372892
E05000459,Dundonald,8.083030375,-3.197424959
E05000460,Figge's Marsh,-1.065938485,3.356529784
E05000461,Graveney,-2.716563081,-3.568796754
E05000462,Hillside,11.36198614,-12.59269226
E05000463,Lavender Fields,-7.921383485,-1.675170675
E05000464,Longthornton,-6.958289328,3.793011089
E05000465,Lower Morden,-11.05295338,4.097773437
E05000466,Merton Park,0.523584064,1.45383128
E05000467,Pollards Hill,-8.465164254,14.10422844
E05000468,Ravensbury,-5.928782875,15.35474384
E05000469,Raynes Park,0.288984033,1.290914006
E05000470,St Helier,-4.668340623,11.78178168
E05000471,Trinity,1.241980871,7.746326945
E05000472,Village,-10.01348132,14.62769333
E05000473,West Barnes,-6.031603578,-0.301804836
E05000474,Wimbledon Park,-5.118675083,1.745370101
E05000475,Beckton,-6.705387303,-1.842348395
E05000476,Boleyn,1.950540663,-6.088597146
E05000477,Canning Town North,6.808572952,-2.006685084
E05000478,Canning Town South,-1.459467523,-13.86181454
E05000479,Custom House,-4.464627202,5.086364669
E05000480,East Ham Central,6.817802108,-7.323507556
E05000481,East Ham North,4.391201535,-1.662078729
E05000482,East Ham South,-8.220980451,2.797739635
E05000483,Forest Gate North,-3.792519964,-3.026910991
E05000484,Forest Gate South,0.954758343,-13.6964276
E05000485,Green Street East,-0.581841849,-9.75543817
E05000486,Green Street West,1.397911152,-14.51493412
E05000487,Little Ilford,-7.747343909,16.10734022
E05000488,Manor Park,1.697558999,-0.03756253
E05000489,Plaistow North,4.334423468,-8.952572538
E05000490,Plaistow South,4.71105649,-4.556037031
E05000491,Royal Docks,-6.790877391,-3.94612288
E05000492,Stratford and New Town,14.62820702,9.942862917
E05000493,Wall End,-0.246755396,-1.669149871
E05000494,West Ham,6.769817837,8.91030322
E05000495,Aldborough,-7.928912016,10.04722674
E05000496,Barkingside,-4.110795827,-9.665218746
E05000497,Bridge,-9.438218318,4.790921127
E05000498,Chadwell,-9.517812468,-20.18702348
E05000499,Church End,-7.332882973,-12.02095696
E05000500,Clayhall,-10.3584928,6.926752528
E05000501,Clementswood,-2.953351257,-21.26852664
E05000502,Cranbrook,-0.069939386,9.855652245
E05000503,Fairlop,-6.865498438,11.97245326
E05000504,Fullwell,-10.17667327,6.042199369
E05000505,Goodmayes,-0.782316986,-15.21942652
E05000506,Hainault,-10.15268823,13.82725819
E05000507,Loxford,-2.909291685,-0.758500206
E05000508,Mayfield,-7.537840713,-2.74787133
E05000509,Monkhams,-8.606956639,2.600297347
E05000510,Newbury,-4.643397609,-7.127292945
E05000511,Roding,-9.25373686,7.937483241
E05000512,Seven Kings,-4.737225026,-0.02968746
E05000513,Snaresbrook,-1.114286942,-4.232355617
E05000514,Valentines,5.435231139,-9.537596567
E05000515,Wanstead,-9.131365368,17.90290808
E05000516,Barnes,-3.039619647,16.39919563
E05000517,East Sheen,-8.511629681,21.77410905
E05000518,Fulwell and Hampton Hill,-4.227975856,-1.471375727
E05000519,"Ham, Petersham and Richmond Riverside",-12.1132538,25.75232704
E05000520,Hampton,-8.021064024,23.67994999
E05000521,Hampton North,-11.62032854,3.146107185
E05000522,Hampton Wick,-7.340002596,10.97114875
E05000523,Heathfield,-12.57110264,2.489385727
E05000524,Kew,-6.569862313,14.93574711
E05000525,Mortlake and Barnes Common,-5.504690781,7.919289001
E05000526,North Richmond,4.457887767,9.751312482
E05000527,St Margarets and North Twickenham,-4.509769258,3.855083487
E05000528,South Richmond,2.711819061,8.702510542
E05000529,South Twickenham,-1.639283557,0.175448762
E05000530,Teddington,-3.895077201,11.59536541
E05000531,Twickenham Riverside,5.50517248,6.051443082
E05000532,West Twickenham,-7.429706259,11.94888355
E05000533,Whitton,-9.489471726,-4.094028005
E05000534,Brunswick Park,2.565104361,-14.97550928
E05000535,Camberwell Green,13.07249267,-10.2445447
E05000536,Cathedrals,29.95401282,-19.17941837
E05000537,Chaucer,24.63187688,-17.74912692
E05000538,College,-2.662937648,3.246993127
E05000539,East Dulwich,2.36038452,-14.78493385
E05000540,East Walworth,14.73607896,-3.290639244
E05000541,Faraday,6.291205612,0.347713113
E05000542,Grange,9.3804695,-22.05645758
E05000543,Livesey,4.044925483,-17.99088487
E05000544,Newington,14.20941227,-10.70684705
E05000545,Nunhead,7.477066904,-12.83332847
E05000546,Peckham,2.065302685,-12.8535794
E05000547,Peckham Rye,-2.291597499,7.856337752
E05000548,Riverside,4.407491259,-12.22951173
E05000549,Rotherhithe,10.58413083,7.052214471
E05000550,South Bermondsey,-0.885696933,-13.9769002
E05000551,South Camberwell,6.059117037,-18.17958523
E05000552,Surrey Docks,-6.460717359,-7.103788835
E05000553,The Lane,15.76032862,-8.20536548
E05000554,Village,2.448534623,1.0138068
E05000555,Beddington North,-8.154284358,14.11294933
E05000556,Beddington South,-12.67560746,3.519943972
E05000557,Belmont,-10.70924288,-18.13306497
E05000558,Carshalton Central,-3.544550276,-2.01613682
E05000559,Carshalton South and Clockhouse,-11.81088598,10.42982838
E05000560,Cheam,-11.49850692,-5.997251392
E05000561,Nonsuch,-10.62395923,-2.429422333
E05000562,St Helier,-6.268803718,1.384968884
E05000563,Stonecot,-9.443083099,-3.059717127
E05000564,Sutton Central,7.764329186,-17.20230289
E05000565,Sutton North,-3.139590926,-10.39607598
E05000566,Sutton South,-3.615999967,-27.18325759
E05000567,Sutton West,-1.737162157,-0.636506031
E05000568,The Wrythe,-8.126611765,-8.034120068
E05000569,Wallington North,-2.186785163,-3.608162648
E05000570,Wallington South,-2.977626819,-8.919491874
E05000571,Wandle Valley,-9.899500211,10.15748476
E05000572,Worcester Park,-9.987496743,-0.965625321
E05000573,Bethnal Green North,15.86223819,4.82341574
E05000574,Bethnal Green South,21.51174944,8.531824255
E05000575,Blackwall and Cubitt Town,0.05241294,4.444324654
E05000576,Bow East,-0.916062184,4.074813649
E05000577,Bow West,10.06234762,9.242461219
E05000578,Bromley-by-Bow,3.305968691,-1.569426159
E05000579,East India and Lansbury,-1.835812635,1.159636317
E05000580,Limehouse,8.501410797,5.049860337
E05000581,Mile End and Globe Town,11.28502705,-1.456345005
E05000582,Mile End East,11.20263348,3.932800349
E05000583,Millwall,-2.562304531,-6.8074386
E05000584,St Dunstan's and Stepney Green,11.31081076,8.607904199
E05000585,St Katharine's and Wapping,4.575834664,-3.021560707
E05000586,Shadwell,16.2366963,-5.692620055
E05000587,Spitalfields and Banglatown,22.17673981,-20.12505254
E05000588,Weavers,12.28690843,9.45354338
E05000589,Whitechapel,21.90126278,-13.58251771
E05000590,Cann Hall,-6.146297773,1.00317834
E05000591,Cathall,4.099521109,6.150287805
E05000592,Chapel End,-6.06904094,7.851917073
E05000593,Chingford Green,-7.009517081,12.06205924
E05000594,Endlebury,-10.18239702,4.73476902
E05000595,Forest,4.092038401,9.694047056
E05000596,Grove Green,3.369906102,-7.532817104
E05000597,Hale End and Highams Park,-8.773712628,7.290949944
E05000598,Hatch Lane,-9.083522581,4.856210822
E05000599,High Street,4.229793202,26.93062952
E05000600,Higham Hill,-8.31284731,16.07590523
E05000601,Hoe Street,10.11228292,0.998371941
E05000602,Larkswood,-6.648659345,12.55789321
E05000603,Lea Bridge,-1.026025747,18.20210059
E05000604,Leyton,0.391067814,12.14006481
E05000605,Leytonstone,12.16545242,-4.355218782
E05000606,Markhouse,2.955378029,11.48757261
E05000607,Valley,-9.659661565,-0.606110814
E05000608,William Morris,-2.123896107,-0.129418915
E05000609,Wood Street,-0.797775304,2.529732649
E05000610,Balham,6.855515189,-10.18185328
E05000611,Bedford,2.505229537,3.640565958
E05000612,Earlsfield,0.91679871,1.862704279
E05000613,East Putney,2.439014937,-10.49814514
E05000614,Fairfield,12.27123631,-9.551257497
E05000615,Furzedown,-4.188645312,-7.022659271
E05000616,Graveney,9.992892448,-13.84709834
E05000617,Latchmere,15.34281652,-2.329585094
E05000618,Nightingale,11.63456843,-11.09369841
E05000619,Northcote,10.74564792,-0.649526542
E05000620,Queenstown,4.378648899,3.607174689
E05000621,Roehampton,-6.858648439,15.20842005
E05000622,St Mary's Park,1.007787656,-1.436834015
E05000623,Shaftesbury,12.47391299,-14.21698744
E05000624,Southfields,-0.467890043,-6.373151958
E05000625,Thamesfield,5.370157767,5.784826318
E05000626,Tooting,9.540183936,-0.986735748
E05000627,Wandsworth Common,-7.630899277,5.006834195
E05000628,West Hill,-6.927070343,-1.790796766
E05000629,West Putney,-7.657808765,-6.740771423
E05000630,Abbey Road,11.29199298,-1.643080403
E05000631,Bayswater,19.55300343,4.934958874
E05000632,Bryanston and Dorset Square,30.15991714,-10.51204759
E05000633,Churchill,8.24769441,6.777493248
E05000634,Church Street,21.02655431,0.226225314
E05000635,Harrow Road,13.87005728,-16.86378996
E05000636,Hyde Park,30.06122353,1.459624948
E05000637,Knightsbridge and Belgravia,20.39579445,18.53746601
E05000638,Lancaster Gate,27.70422957,-3.195810614
E05000639,Little Venice,13.35242638,0.480179416
E05000640,Maida Vale,10.08368736,13.10213971
E05000641,Marylebone High Street,28.33954069,-2.681933886
E05000642,Queen's Park,9.037160035,-17.20160707
E05000643,Regent's Park,10.34660012,24.80007969
E05000644,St James's,27.30462736,11.8599655
E05000645,Tachbrook,19.90763482,11.29533363
E05000646,Vincent Square,22.37615103,14.03283689
E05000647,Warwick,24.63949727,5.057604088
E05000648,Westbourne,8.097374851,8.208277272
E05000649,West End,30.07000954,-7.401240515
E12000007,London,0,0
,,,
E09000002,BARKING AND DAGENHAM,-5.754411301,-2.520496789
E09000003,BARNET,-5.568074039,-4.001189589
E09000004,BEXLEY,-8.745035449,4.511975048
E09000005,BRENT,-0.872944034,-8.355681236
E09000006,BROMLEY,-7.117667768,8.840248446
E09000007,CAMDEN,13.68066443,2.800605453
E09000008,CROYDON,-3.943177978,-5.207552308
E09000009,EALING,-3.382802022,3.110309773
E09000010,ENFIELD,-5.748251705,2.648425292
E09000011,GREENWICH,-2.375815551,-0.321239643
E09000012,HACKNEY,8.152469669,0.807353843
E09000013,HAMMERSMITH AND FULHAM,6.382768794,-6.710205912
E09000014,HARINGEY,3.805342934,-0.984799633
E09000015,HARROW,-6.472101878,-10.20241406
E09000016,HAVERING,-9.084939469,2.453110382
E09000017,HILLINGDON,-10.09595014,-0.847425289
E09000018,HOUNSLOW,-5.326375635,6.113083703
E09000019,ISLINGTON,14.05695074,-7.362245404
E09000020,KENSINGTON AND CHELSEA,14.41530041,9.669250283
E09000021,KINGSTON UPON THAMES,-6.057227771,0.11335519
E09000022,LAMBETH,9.084499254,-3.850400751
E09000023,LEWISHAM,2.244035475,-6.354703809
E09000024,MERTON,-2.646088647,1.110163646
E09000025,NEWHAM,0.928347916,-5.308262933
E09000026,REDBRIDGE,-5.672075564,-0.031540352
E09000027,RICHMOND UPON THAMES,-5.133851842,8.465678291
E09000028,SOUTHWARK,7.852812808,-7.787238756
E09000029,SUTTON,-6.587229383,-0.762555359
E09000030,TOWER HAMLETS,8.906663515,0.111718218
E09000031,WALTHAM FOREST,-1.341524824,9.850218524
E09000032,WANDSWORTH,3.452713186,-2.085238641
E09000033,WESTMINSTER,19.24419231,7.201134141
,,,
,,,
,,,
,,,
,,,
,,,
,,,
,,,
,,,
,,,
,,,
,,,
,,,
,,,
